,Model,F1,Recall,Precision,Accuracy
0,Tuned Decision Tree,0.5456457699226799,0.42406728811743283,0.7665139907338977,0.8561333333333334
